id	Species	Year	Type	State	Date	Location	Latitude	Longitude	Range	Region	Elevation	Time	Band.	Sex	Age	Blood	Fecal	CP	Photo	Measurer	Wing	Tail	Tarsus	Notes	Bill_Culmen	Bill_Exposed	Bill_Depth	Bill_Width	W_bar	W_bar_width	Chin_throat	Chin	Throat	Nape	Back	Rump	Breast	Belly	Sum	Complete_plumage	Plumage_score	Treatment.2021	Age.2021	Mass	Box	Nest	sum2	Plumage_score2	Tot_for_plu_sc
EXTR-NEG-2022-1	NA	2022	neg_extr	NA	NA	NA	NA	NA	NA	NA	NA	NA	NA	NA	NA	NA	NA	NA	NA	NA	NA	NA	NA	NA	NA	NA	NA	NA	NA	NA	NA	NA	NA	NA	NA	NA	NA	NA	NA	NA	NA	NA	NA	NA	NA	NA	NA	NA	
EXTR-NEG-2022-2	NA	2022	neg_extr	NA	NA	NA	NA	NA	NA	NA	NA	NA	NA	NA	NA	NA	NA	NA	NA	NA	NA	NA	NA	NA	NA	NA	NA	NA	NA	NA	NA	NA	NA	NA	NA	NA	NA	NA	NA	NA	NA	NA	NA	NA	NA	NA	NA	NA	
JL-NEG-EXT-1	NA	2021	neg_extr	NA	NA	NA	NA	NA	NA	NA	NA	NA	NA	NA	NA	NA	NA	NA	NA	NA	NA	NA	NA	NA	NA	NA	NA	NA	NA	NA	NA	NA	NA	NA	NA	NA	NA	NA	NA	NA	NA	NA	NA	NA	NA	NA	NA	NA	
MB-EXT-NEG-1	NA	2021	neg_extr	NA	NA	NA	NA	NA	NA	NA	NA	NA	NA	NA	NA	NA	NA	NA	NA	NA	NA	NA	NA	NA	NA	NA	NA	NA	NA	NA	NA	NA	NA	NA	NA	NA	NA	NA	NA	NA	NA	NA	NA	NA	NA	NA	NA	NA	
NEG-EXTR-1	NA	2020	neg_extr	NA	NA	NA	NA	NA	NA	NA	NA	NA	NA	NA	NA	NA	NA	NA	NA	NA	NA	NA	NA	NA	NA	NA	NA	NA	NA	NA	NA	NA	NA	NA	NA	NA	NA	NA	NA	NA	NA	NA	NA	NA	NA	NA	NA	NA	
NEG-EXTR-2	NA	2020	neg_extr	NA	NA	NA	NA	NA	NA	NA	NA	NA	NA	NA	NA	NA	NA	NA	NA	NA	NA	NA	NA	NA	NA	NA	NA	NA	NA	NA	NA	NA	NA	NA	NA	NA	NA	NA	NA	NA	NA	NA	NA	NA	NA	NA	NA	NA	
neg-pcr-1	NA	NA	neg-pcr	NA	NA	NA	NA	NA	NA	NA	NA	NA	NA	NA	NA	NA	NA	NA	NA	NA	NA	NA	NA	NA	NA	NA	NA	NA	NA	NA	NA	NA	NA	NA	NA	NA	NA	NA	NA	NA	NA	NA	NA	NA	NA	NA	NA	NA	
neg-pcr-4	NA	NA	neg-pcr	NA	NA	NA	NA	NA	NA	NA	NA	NA	NA	NA	NA	NA	NA	NA	NA	NA	NA	NA	NA	NA	NA	NA	NA	NA	NA	NA	NA	NA	NA	NA	NA	NA	NA	NA	NA	NA	NA	NA	NA	NA	NA	NA	NA	NA	
neg-pcr-6	NA	NA	neg-pcr	NA	NA	NA	NA	NA	NA	NA	NA	NA	NA	NA	NA	NA	NA	NA	NA	NA	NA	NA	NA	NA	NA	NA	NA	NA	NA	NA	NA	NA	NA	NA	NA	NA	NA	NA	NA	NA	NA	NA	NA	NA	NA	NA	NA	NA	
neg-pcr-8	NA	NA	neg-pcr	NA	NA	NA	NA	NA	NA	NA	NA	NA	NA	NA	NA	NA	NA	NA	NA	NA	NA	NA	NA	NA	NA	NA	NA	NA	NA	NA	NA	NA	NA	NA	NA	NA	NA	NA	NA	NA	NA	NA	NA	NA	NA	NA	NA	NA	
neg-pcr-9	NA	NA	neg-pcr	NA	NA	NA	NA	NA	NA	NA	NA	NA	NA	NA	NA	NA	NA	NA	NA	NA	NA	NA	NA	NA	NA	NA	NA	NA	NA	NA	NA	NA	NA	NA	NA	NA	NA	NA	NA	NA	NA	NA	NA	NA	NA	NA	NA	NA	
SF11T01	GWWA	2019	sample	PA	11-Jun	Scotia Barrens	40.780724	-77.95261	Sympatric	Central	381	7:02	284029494	M	AHY	Y	Y	3	Cannon	DPT	60	45	16.6	"Plus blood smear Slide. Bill: N-T (8.5), L (10.9), W (3.3), D (3.7)"	8.5	10.9	3.7	3.3	5	2	2	0	2	4	3	3	4	3	26	Y	0.1875	NA	NA	NA	NA	NA	26	0.1875	
SF11T02	GWWA	2019	sample	PA	11-Jun	Scotia Barrens	40.780301	-77.951524	Sympatric	Central	380	7:45	284029495	M	AHY	Y	Y	3	Cannon	DPT	62	46	17.8	"Plus blood smear Slide. Bill: N-T (8.4), L (11.0), W (3.4), D (3.5)"	8.4	11	3.5	3.4	5	2	2	0	2	4	4	4	4	4	29	Y	0.09375	NA	NA	NA	NA	NA	29	0.09375	
SF11T03	GWWA	2019	sample	PA	11-Jun	Scotia Barrens	40.777808	-77.95503	Sympatric	Central	376	8:39	284029496	M	AHY	Y	Y	3	Cannon	DPT	54	49	17.1	"Plus blood smear Slide. Bill: N-T (9.4), L (11.5), W (3.0), D (3.2). Touch of yellow on breast. Greener poop, similar to T02"	9.4	11.5	3.2	3	5	2	2	0	2	3	2	2	3	3	22	Y	0.3125	NA	NA	NA	NA	NA	22	0.3125	
SF15T01	BWWA	2019	sample	PA	15-Jun	Bald Eagle	41.001225	-77.689139	Sympatric	Central	198	9:17	283030001	M	AHY	Y	Y	3	Cannon	DPT	61	48	17		8.2	10.6	3.3	3.2	2	1	0	0	0	0	0	0	0	0	3	Y	0.90625	NA	NA	NA	NA	NA	3	0.90625	
TE27T01	GWWA	2020	sample	PA	27-May	Scotia Barrens	40.780638	-77.952256	Sympatric	Central	384	6:13	283030076	F	AHY	Y	Y	0	Y-Canon	DPT	61	46	16.8	Tick found in bag	7.9	10.3	3.6	3.2	4	3	22	2	2	3	3	4	4	4	25	Y	0.21875	NA	NA	NA	NA	NA	29	0.09375	
TE27T02	GWWA	2020	sample	PA	27-May	Scotia Barrens	40.780638	-77.952256	Sympatric	Central	384	6:13	284029494	M	ASY	N	Y	3	Y-Canon	DPT	61	46	16.7	*Recap*	8.7	10.9	3.7	3.3	5	1	22	2	2	4	4	4	4	4	26	Y	0.1875	NA	NA	NA	NA	NA	30	0.0625	
TE27T03	GWWA	2020	sample	PA	27-May	Scotia Barrens	40.779033	-77.951062	Sympatric	Central	383	7:38	284029495	M	ASY	N	Y	3	Y-Canon	DPT	62	46	17.9	*Recap*	8.5	10.7	3.5	3.4	5	2	22	2	2	4	4	4	3	4	26	Y	0.1875	NA	NA	NA	NA	NA	30	0.0625	
TE27T04	GWWA	2020	sample	PA	27-May	Scotia Barrens	40.77798	-77.955011	Sympatric	Central	376	8:48	283030077	M	AHY	Y	Y	3	Y-Canon	DPT	62	48	16.6	Mites from P3	8.1	10.5	3.4	3.2	4	2	22	2	2	4	3	4	3	4	24	Y	0.25	NA	NA	NA	NA	NA	28	0.125	
TE27T05	GWWA	2020	sample	PA	27-May	Scotia Barrens	40.775167	-77.960357	Sympatric	Central	373	9:50	283030078	M	AHY	Y	Y	3	Y-Canon	DPT	62	49	16.9		8.5	11.1	3.7	3.2	4	1	22	2	2	3	3	3	3	3	20	Y	0.375	NA	NA	NA	NA	NA	24	0.25	
TE28T01	GWWA	2020	sample	PA	28-May	Scotia Barrens	40.767953	-77.969308	Sympatric	Central	363	6:36	283030079	M	AHY	Y	Y	3	Y-Canon	DPT	62	48	17.1		8.5	11.1	3.5	3.2	5	2	22	2	2	4	4	4	4	4	27	Y	0.15625	NA	NA	NA	NA	NA	31	0.03125	
TE28T02	BWWA	2020	sample	PA	28-May	Scotia Barrens	40.767953	-77.969308	Sympatric	Central	363	6:42	283030080	M	AHY	Y	Y	3	Y-Canon	DPT	60	48	16		8.7	10.3	3.5	3.3	1	0	0	0	0	0	0	0	0	0	1	Y	0.96875	NA	NA	NA	NA	NA	1	0.96875	
TE28T03	GWWA	2020	sample	PA	28-May	Scotia Barrens	40.760703	-77.97405	Sympatric	Central	360	7:57	283030081	M	AHY	Y	Y	3	Y-Canon	DPT	63	51	15.4		7.9	10.9	3.5	2.9	4	2	22	2	2	4	4	4	4	4	26	Y	0.1875	NA	NA	NA	NA	NA	30	0.0625	
TF01T01	BRWA	2020	sample	PA	1-Jun	Ironstone Trail	40.662899	-77.924608	Sympatric	Central	255	6:25	283030094	M	AHY	Y	Y	3	Y-Canon	DPT	64	51	17	R4 taken	8.5	10.3	3.8	3.4	5	2	0	0	0	2	2	2	3	4	20	Y	0.375	NA	NA	NA	NA	NA	20	0.375	
TF01T02	BWWA	2020	sample	PA	1-Jun	Ironstone Trail	40.662899	-77.924608	Sympatric	Central	255	6:27	283030095	M	AHY	Y	Y	3	Y-Canon	DPT	60	48	16.5	Very handsome. Feather mixed with poop sample.	8.6	11.1	3.6	3.3	1	0	0	0	0	0	0	0	0	0	1	Y	0.96875	NA	NA	NA	NA	NA	1	0.96875	
TF01T03	GWWA	2020	sample	PA	1-Jun	Ironstone Trail	40.663419	-77.926046	Sympatric	Central	260	7:35	283030096	M	AHY	Y	Y	3	Y-Canon	DPT	61	47	17		9.1	11.1	3.5	3.3	3	1	22	2	2	4	4	4	3	3	22	Y	0.3125	NA	NA	NA	NA	NA	26	0.1875	
TF04T01	BWWA	2020	sample	PA	4-Jun	Scotia Barrens	40.776337	-77.959114	Sympatric	Central	377	6:14	283030102	M	AHY	Y	Y	3	Y-Canon	DPT	63	49	17.2	R3 taken	8.5	10	3.3	2.9	1	0	0	0	0	0	0	0	0	0	1	Y	0.96875	NA	NA	NA	NA	NA	1	0.96875	
TF04T02	GWWA	2020	sample	PA	4-Jun	Scotia Barrens	40.776337	-77.959114	Sympatric	Central	377	6:25	283030078	M	AHY	N	Y	3	N					*recap* for poop sample	8.5	11.1	3.7	3.2	4	1	22	2	2	3	3	3	3	3	20	Y	0.375	NA	NA	NA	NA	NA	24	0.25	
TF04T05	GWWA	2020	sample	PA	4-Jun	Scotia Barrens	40.782788	-77.949949	Sympatric	Central	384	8:57	283030106	M	AHY	Y	Y	3	Y-Canon	DPT	61	46	16.7		8.5	10.5	3.5	3	4	2	12	1	2	4	3	3	3	4	23	Y	0.28125	NA	NA	NA	NA	NA	26	0.1875	
TF04T06	GWWA	2020	sample	PA	4-Jun	Scotia Barrens	40.784866	-77.949945	Sympatric	Central	386	10:15	283030107	M	AHY	Y	Y	3	Y-Canon	DPT	62	47	17	Unknown feather dropped in bag with mite	8.8	11.2	3.5	3.4	4	2	22	2	2	2	3	2	2	3	18	Y	0.4375	NA	NA	NA	NA	NA	22	0.3125	
TF08T01	BWWA	2020	sample	PA	8-Jun	Red Rose Road	40.675119	-77.898347	Sympatric	Central	273	6:28	283030115	M	AHY	Y	Y	3	Y-Canon	DPT	61	46	16.4	R5 taken	8.4	10.4	3.4	3.2	2	0	0	0	0	0	0	0	0	0	2	Y	0.9375	NA	NA	NA	NA	NA	2	0.9375	
TF08T02	GWWA	2020	sample	PA	8-Jun	Red Rose Road	40.677181	-77.893374	Sympatric	Central	284	8:02	283030116	M	AHY	Y	Y	3	Y-Canon	DPT	62	48	17.4	See 2021 sample for plumage score	8	10.2	3.6	3.3														NA	NA	NA	NA	NA	NA	NA	
TF08T03	BRWA	2020	sample	PA	8-Jun	Cement Block Road	40.651635	-77.942584	Sympatric	Central	277	9:24	283030117	M	AHY	Y	Y	3	Y-Canon	DPT	62	49	15	"Little black bib, but otherwise white throat. Little white under eyes (lower lid) within mask"	8.1	10.2	3.2	3.1	5	3	0	0	0	4	4	4	4	4	28	Y	0.125	NA	NA	NA	NA	NA	28	0.125	
TF12T01	BRWA	2020	sample	PA	12-Jun	Bald Eagle	40.991786	-77.704647	Sympatric	Central	198	6:29	283030125	M	AHY	Y	Y	3	Y-Canon	DPT	60	48	16.6		8.3	10.7	3.7	3.5	4	2	0	0	0	3	2	2	2	1	16	Y	0.5	NA	NA	NA	NA	NA	16	0.5	
TF12T02	BRWA	2020	sample	PA	12-Jun	Bald Eagle	40.993631	-77.701499	Sympatric	Central	204	7:30	283030126	M	AHY	Y	Y	3	Y-Canon	DPT	62	51	16.6		7.8	10	3.7	3.1	1	0	0	0	0	4	4	4	4	3	20	Y	0.375	NA	NA	NA	NA	NA	20	0.375	
TF13T01	GWWA	2020	sample	PA	13-Jun	Cement Block Road	40.65384	-77.945199	Sympatric	Central	285	7:31	283030127	M	AHY	Y	Y	3	Y-Canon	DPT	61	48	16.6		8.2	10.8	3.5	3.2	5	2	22	2	2	3	3	2	3	3	21	Y	0.34375	NA	NA	NA	NA	NA	25	0.21875	
TF14T01	GWWA	2020	sample	PA	14-Jun	Mothers Baugh	40.65905	-77.891066	Sympatric	Central	289	7:23	283030128	M	AHY	Y	Y	3	Y-Canon	DPT	61	48	17		8.7	10.9	3.6	3.4	3	0	12	1	2	4	3	3	3	4	20	Y	0.375	NA	NA	NA	NA	NA	23	0.28125	
TF40T04	GWWA	2020	sample	PA	4-Jun	Scotia Barrens	40.776928	-77.958548	Sympatric	Central	379	7:45	283030104	M	AHY	Y	Y	3	Y-Canon	DPT	64	50	16.5	"Two poop samples. P1 from hand. P2 in bag, not a ton"	8.6	10.6	3.5	3.2	5	2	12	1	2	4	4	4	4	4	27	Y	0.15625	NA	NA	NA	NA	NA	30	0.0625	
UE08L01	GWWA	2021	sample	PA	8-May	Sproul SF	41.1037232	-77.8659845	Sympatric	Central	465.6923502		290014863	M	ASY	N	Y	NA	Y-Canon-blue	DJM	63								5	3	2	0	2	4	4	NA	4	NA	22	N	0.083333333	NA	NA	NA	NA	NA	22	0.083333333	24
UE08L02	GWWA	2021	sample	PA	8-May	Sproul SF	41.1037232	-77.8659845	Sympatric	Central	465.6923502		290014866	M	ASY	N	Y	NA	Y-Canon-blue	KBB	60								5	2	NA2	NA	2	NA	NA	NA	4	4	17	N	0.055555556	NA	NA	NA	NA	NA	17	0.055555556	18
UE08L03	GWWA	2021	sample	PA	8-May	Sproul SF	41.1037232	-77.8659845	Sympatric	Central	465.6923502		290014867	M	ASY	N	Y	NA	N	KBB	61								NA	NA	NA	NA	NA	NA	NA	NA	NA	NA	NA	NA	NA	NA	NA	NA	NA	NA	NA	NA	
UE08L04	GWWA	2021	sample	PA	8-May	Sproul SF	41.1037232	-77.8659845	Sympatric	Central	465.6923502		290014868	M	ASY	N	Y	NA	Y-Canon-blue	KBB	64			"Photos after 14867 datasheet, bands are dark green. Tick on right eye."					5	3	22	2	2	4	4	4	4	4	32	Y	0	NA	NA	NA	NA	NA	32	0	
UE08L05	GWWA	2021	sample	PA	8-May	Sproul SF	41.1037232	-77.8659845	Sympatric	Central	465.6923502		290014898	F	ASY	N	Y	NA	Y-DJ phone	DJM	62								5	3	2	0	2	4	3	4	3	NA	24	N	0.142857143	NA	NA	NA	NA	NA	24	0.142857143	28
UE12L01	GWWA	2021	sample	PA	12-May	Sproul SF	41.1354064	-77.8518654	Sympatric	Central	487.8429413		290014872	M	ASY	N	Y	NA	Y-Canon-blue	DJM	63.5								5	3	22	2	2	3	2	3	2	4	26	Y	0.1875	NA	NA	NA	NA	NA	26	0.1875	
UE28B01	GWWA	2021	sample	PA	5/28/21	Cement Block Road	40.652964	-77.945206	Sympatric	Central	285	7:33	285052955	M	AHY	Y	Y	3	Canon	MB	61	46	17		8.1	9.9	3.7	3	5	2	22	2	2	4	3	3	3	4	24	Y	0.25	NA	NA	NA	NA	NA	28	0.125	
UE28B02	GWWA	2021	sample	PA	5/28/21	Cement Block Road	40.654941	-77.942315	Sympatric	Central	289	8:21	285052956	M	AHY	Y	Y	3	Canon	MB	64	50	15	"Weird song, sounded like worm eating? Got recording on merlin"	8.5	10.9	3.4	3	4	1	22	2	2	3	3	4	3	4	22	Y	0.3125	NA	NA	NA	NA	NA	26	0.1875	
UE28B03	GWWA	2021	sample	PA	5/28/21	Cement Block Road	40.654754	-77.939423	Sympatric	Central	297	9:46	285052957	M	AHY	Y	Y	3	Canon	MB	61	49	17	Tricky bastard	7.4	10	4	3.1	5	1	22	2	2	4	4	4	4	4	26	Y	0.1875	NA	NA	NA	NA	NA	30	0.0625	
UE28T01	GWWA	2021	sample	PA	5/28/21	Cement Block Road	40.651709	-77.942786	Sympatric	Central	277	6:49	283030117	M	ASY	N	Y	3	Canon	DT	62	49	15.6		8	10.5	3.4	3.4	5	3	0	0	0	4	4	4	4	4	28	Y	0.125	NA	NA	NA	NA	NA	28	0.125	
UF01K01	BWWA	2021	sample	MI	1-Jun	FCTC-MOTT	42.297283	-85.324303	Sympatric	LPS	262.724779	8:33	291014850	M	ASY	Y	Y	3	N	BK	58	46	14.8						NA	NA	NA	NA	NA	NA	NA	NA	NA	NA	NA	NA	NA	NA	NA	NA	NA	NA	NA	NA	
UF01K02	BWWA	2021	sample	MI	1-Jun	FCTC-LACE	42.302139	-85.349492	Sympatric	LPS	257.5434319	11:00	267059500	M	ASY		Y	3	N	BK	60	47	14.76						NA	NA	NA	NA	NA	NA	NA	NA	NA	NA	NA	NA	NA	NA	NA	NA	NA	NA	NA	NA	
UF01P01	GWWA	2021	sample	PA	6/1/21	Scotia Barrens	40.768053	-77.969206	Sympatric	Central	365.2	7:48	283030079	M	ASY	N	Y	3	"Y, probably canon"	LP	65	48	17.2	Caught previously	8.3	10.7	3.5	3.1	5	2	22	2	2	4	4	4	4	4	27	Y	0.15625	NA	NA	NA	NA	NA	31	0.03125	
UF01T01	BRWA	2021	sample	PA	6/1/21	Scotia Barrens	40.760627	-77.974144	Sympatric	Central	357	8:50	285052958	M	AHY	Y	Y	3	Canon	DT	62	47	15.9	:)	8.5	10.3	3.5	3.2	4	1	0	0	0	4	3	4	3	3	22	Y	0.3125	NA	NA	NA	NA	NA	22	0.3125	
UF01T02	GWWA	2021	sample	PA	6/1/21	Scotia Barrens	40.760627	-77.974144	Sympatric	Central	357	9:35	285052959	M	AHY	Y	Y	3	"Y, probably canon"	LP[DT]	62[62]	48[47]	20[16.8]	Across the road from BRWA	8[8]	10.2[10.8]	3.3[3.3]	.[3.5]	5	2	22	2	2	4	3	4	3	4	25	Y	0.21875	NA	NA	NA	NA	NA	29	0.09375	
UF01T03	GWWA	2021	sample	PA	6/1/21	Scotia Barrens	40.763813	-77.971734	Sympatric	Central	360	10:31	285052960	M	AHY	Y	Y	3	"Y, probably canon"	AW[DT]	62.5[63]	46[48]	17.7[16.9]	Got recording on Dave's Merlin app	8.1[8.1]	11.5[10.6]	3.6[3.5]	3.6[3.2]	5	3	22	2	2	4	4	4	4	4	28	Y	0.125	NA	NA	NA	NA	NA	32	0	
UF02P01	PRWA	2021	sample	PA	6/2/21	SGL112	40.48027	-77.894848	Sympatric	Central	247.9	9:00	285052965	M	AHY	Y	Y	3	Canon	LP	57	48	17	:)	-	-	-	-	-	-	-	-	-	-	-	-	-	-	NA	NA	NA	NA	NA	NA	NA	NA	NA	NA	
UF02T01	GWWA	2021	sample	PA	6/2/21	SGL112	40.486049	-77.892385	Sympatric	Central	251	6:56	285052961	M	AHY	Y	Y	3	Canon	SS[DT]	65[65]	45[50]	16.5[16]	*Many tail feathers fell off	10.5[8]	8.6[11]	2.9[3]	3.6[3.5]	5	3	22	2	2	4	4	4	4	4	28	Y	0.125	NA	NA	NA	NA	NA	32	0	
UF02T02	GWWA	2021	sample	PA	6/2/21	SGL112	40.483161	-77.893708	Sympatric	Central	243.3	7:45	285052962	M	AHY	Y	Y	3	Canon	DT	63	50	16	Some tail feathers lost	7.8	10.5	3.4	3.1	4	2	22	2	2	4	4	4	4	4	26	Y	0.1875	NA	NA	NA	NA	NA	30	0.0625	
UF02T03	GWWA	2021	sample	PA	6/2/21	SGL112	40.83137	-77.89703	Sympatric	Central	246.1	7:49	285052963	M	AHY	Y	Y	3	?	LP[DT]	63	48	16.4	"Same location/net as UF02T02; Bird had an injured leg, partially healed and not from mist net, injury began to bleed so DT did not take measurements"	8.6	12	3.7	3.2	4	2	22	2	2	4	4	4	4	4	26	Y	0.1875	NA	NA	NA	NA	NA	30	0.0625	
UF02T04	BRWA	2021	sample	PA	6/2/21	SGL112	40.480272	-77.894841	Sympatric	Central	253	8:45	285052964	M	AHY	Y	Y	3	Canon	SS[DT]	63[63]	51[51]	16.1[16.3]	:)	9.5[9.3]	12.5[11.6]	3.7[3.9]	3.2[3.5]	3	1	0	0	0	4	3	4	2	3	20	Y	0.375	NA	NA	NA	NA	NA	20	0.375	
UF02T05	GWWA	2021	sample	PA	6/2/21	SGL112	40.487522	-77.891849	Sympatric	Central	241	9:47	285052966	M	AHY	?	Y	3	Canon	DT	63	50	17.4		8.1	10.6	3.5	3.3	4	3	22	2	2	4	3	4	4	4	26	Y	0.1875	NA	NA	NA	NA	NA	30	0.0625	
UF03T01	GWWA	2021	sample	PA	6/3/21	Unnamed Forest Road (by Shaver's Creek)	40.66048	-77.928291	Sympatric	Central	254.6	8:10	285052967	M	AHY	Y	Y	3	Canon	SS[DT]	62[61]	48[50]	16.7[16.3]		8[8.3]	9.5[9.6]	3.7[3.4]	3.5[3.3]	5	2	22	2	2	4	4	3	3	4	25	Y	0.21875	NA	NA	NA	NA	NA	29	0.09375	
UF03T02	BWWA	2021	sample	PA	6/3/21	Unnamed Forest Road (by Shaver's Creek)	40.66048	-77.928291	Sympatric	Central	254.6	8:57	285052968	M	AHY	Y	Y	3	Canon	GO[DT]	62[63]	51[52]	16.1[16.0]		8.6[8.4]	10.5[10.1]	3.8[3.6]	3.4[3.1]	1	0	0	0	0	0	0	0	0	0	1	Y	0.96875	NA	NA	NA	NA	NA	1	0.96875	
UF03T03	GWWA	2021	sample	PA	6/3/21	Red Rose Road	40.677111	-77.893104	Sympatric	Central	285.5	9:50	283030116	M	ASY	N	Y	2	Canon	GO[DT]	62[61]	49[49]	17.1[17.2]	"recaptured, booed taken previously; this bird used a blue-winged warbler call"	8.4[8.3]	11.3[10.8]	3.6[3.5]	3.8[3.3]	4	2	22	2	2	4	3	3	3	3	22	Y	0.3125	NA	NA	NA	NA	NA	26	0.1875	
UF08B01	BWWA	2021	sample	PA	8-Jun	Nockamixon State Park	40.433324	-75.257787	Allopatric	SE	129.5	7:55	289043901	M	AHY	Y	Y	3	Y-Canon pink	MB	60	46	16.6	"wings are almost completely white, poop sample may be contaminated"	8.3	10.1	3.8	3.2	1	0	0	0	0	0	0	0	0	0	1	Y	0.96875	NA	NA	NA	NA	NA	1	0.96875	
UF08B02	BWWA	2021	sample	PA	8-Jun	Nockamixon State Park	40.434087	-75.2566	Allopatric	SE	136.9	9:15	289043902	M	AHY	Y	Y	3	Y-Canon pink	MB	62	47	16.2		8.7	11.6	3.5	3.3	1	0	0	0	0	0	0	0	0	0	1	Y	0.96875	NA	NA	NA	NA	NA	1	0.96875	
UF10B01	BWWA	2021	sample	PA	10-Jun	State Game Lands 43 (Eastern part)	40.190672	-75.76676	Allopatric	SE	162	6:54	289043903	M	AHY	Y	Y	3	Y-Canon pink	MB	58	49	16.6	:)	8.2	10.8	3.6	3.2	1	1	0	0	0	0	0	0	0	0	2	Y	0.9375	NA	NA	NA	NA	NA	2	0.9375	
UF10B02	BWWA	2021	sample	PA	10-Jun	State Game Lands 43 (Eastern part)	40.190672	-75.76676	Allopatric	SE	162	9:30	289043903	M	AHY	N	Y	3	Y-Canon pink	MB				Recap	8.2	10.8	3.6	3.2	1	1	0	0	0	0	0	0	0	0	2	Y	0.9375	NA	NA	NA	NA	NA	2	0.9375	
UF10K01	BWWA	2021	sample	MI	10-Jun	FCTC-LACE	42.302139	-85.349492	Sympatric	LPS	257.5434319	7:30	291014855	M	ASY	Y	Y	3	N	BK	61	46	14.61						NA	NA	NA	NA	NA	NA	NA	NA	NA	NA	NA	NA	NA	NA	NA	NA	NA	NA	NA	NA	
UF11B02	BWWA	2021	sample	PA	11-Jun	State Game Lands 43	40.170735	-75.817768	Allopatric	SE	251.7	7:10	289043904	M	AHY	Y	Y	3	Y-Canon pink	MB	62	47	16.5	:)	8.1	10.4	3.4	3.1	1	1	0	0	0	0	0	0	0	0	2	Y	0.9375	NA	NA	NA	NA	NA	2	0.9375	
UF14B01	BWWA	2021	sample	PA	14-Jun	State Game Lands 63	41.239556	-79.475722	Allopatric	NW	422.3	8:10	289043905	M	AHY	Y	Y	3	Y-Canon pink	MB	61	49	16.7	Accidentally put poop in blood tube-removed w/qtip to new tube and swabbed inside of blood tube with ethanol. See how data looks! Watch 16s for contamination (and blood also).	8.8	11.3	3.7	3.1	1	0	0	0	0	0	0	0	0	0	1	Y	0.96875	NA	NA	NA	NA	NA	1	0.96875	
UF14B02	BWWA	2021	sample	PA	14-Jun	State Game Lands 63	41.240299	-79.47648	Allopatric	NW	425.6	9:04	289043906	M	AHY	Y	Y	3	Y-Canon pink	MB	61	46	17		7.9	10.2	3.5	3	1	0	0	0	0	0	0	0	0	0	1	Y	0.96875	NA	NA	NA	NA	NA	1	0.96875	
UF14B03	BWWA	2021	sample	PA	14-Jun	State Game Lands 63	41.238127	-79.472108	Allopatric	NW	432.1	10:26	289043907	M	AHY	Y	Y	3	Y-Canon pink	MB	62	40	16.4	Tail feathers fells off and collected-measurement is for single feather left in tact.	8.2	10.2	3.4	3.1	1	1	0	0	0	0	0	0	0	0	2	Y	0.9375	NA	NA	NA	NA	NA	2	0.9375	
UF15B01	BWWA	2021	sample	PA	15-Jun	State Game Lands 314	41.972725	-80.493417	Allopatric	NW	203.7	7:15	289043908	M	AHY	Y	Y	3	Y-Canon pink	MB	57	45	17.4		8.4	10.6	3.6	3.3	1	0	0	0	0	0	0	0	0	0	1	Y	0.96875	NA	NA	NA	NA	NA	1	0.96875	
UF15B02	BWWA	2021	sample	PA	15-Jun	State Game Lands 314	41.972805	-80.494897	Allopatric	NW	198.1	10:26	289043909	M	AHY	Y	Y	3	Y-Canon pink	MB	61	51	17	Redstart (UF15B03) caught in same net	7.9	10.5	3.4	3.2	1	0	0	0	0	0	0	0	0	0	1	Y	0.96875	NA	NA	NA	NA	NA	1	0.96875	
UF16B02	BWWA	2021	sample	PA	16-Jun	Eaton Reservoir	42.147836	-79.762253	Allopatric	NW	455.8	7:23	289043912	M	AHY	Y	Y	3	Y-Canon pink	MB	61	49	17.2	"Missing a couple tail feathers, some dirty feathers on crown"	7.7	10.4	3.4	3.7	1	1	0	0	0	0	0	0	0	0	2	Y	0.9375	NA	NA	NA	NA	NA	2	0.9375	
UF16B03	BWWA	2021	sample	PA	16-Jun	Eaton Reservoir	42.149643	-79.765192	Allopatric	NW	446.2	9:09	289043913	M	AHY	Y	Y	3	Y-Canon pink	MB	59	46	17	Check with dave for plumage scores	9.1	11.1	3.8	3.7	1	1	0	0	0	0	0	0	0	0	2	Y	0.9375	NA	NA	NA	NA	NA	2	0.9375	
UF16B04	BWWA	2021	sample	PA	16-Jun	Eaton Reservoir	42.1518893	-79.783446	Allopatric	NW	443.7	11:10	289043914	M	AHY	Y	Y	3	Y-Canon pink	MB	59	45	16.2	Not sure about broad vs narrow 	8.1	10.5	3.7	3.6	0	1	0	0	0	0	0	0	0	0	1	Y	0.96875	NA	NA	NA	NA	NA	1	0.96875	
UF17B01	BWWA	2021	sample	PA	17-Jun	State Game Lands 122--North	41.711032	-79.820221	Allopatric	NW	395.8	7:21	289043915	M	AHY	Y	Y	3	Y-Canon pink	MB	61	50	17.5	"Wing bars had differing amounts of yellow edge, both meet the yellow edge score"	9.2	11.5	3.5	3.2	1	1	0	0	0	0	0	0	0	0	2	Y	0.9375	NA	NA	NA	NA	NA	2	0.9375	
UF17B02	BWWA	2021	sample	PA	17-Jun	State Game Lands 122--North	41.71124	-79.816997	Allopatric	NW	406.5	8:24	289043916	M	AHY	Y	Y	3	Y-Canon pink	MB	63	50	17.2	"Not a lot of blood collected, tail feather collected. We want to check with Dave on the wing bar."	8.5	10.5	3.6	3	1	1	0	0	0	0	0	0	0	0	2	Y	0.9375	NA	NA	NA	NA	NA	2	0.9375	
UF17B03	BWWA	2021	sample	PA	17-Jun	State Game Lands 122--South	41.669669	-79.795133	Allopatric	NW	424.6	10:17	289043917	M	AHY	Y	Y	3	Y-Canon pink	MB	63	50	17.5	Borderline narrow vs broad wingbars	8.2	10.4	3.4	3.1	0	0	0	0	0	0	0	0	0	0	0	Y	1	NA	NA	NA	NA	NA	0	1	
UF17B04	BWWA	2021	sample	PA	17-Jun	State Game Lands 122--South	41.670711	-79.792044	Allopatric	NW	409.4	11:20	289043918	M	AHY	Y	Y	2	Y-Canon pink	MB	59	46	17.5?	"Forgot to write tarsus down, but think it was 17.5"	7.8	9.9	3.3	3.4	1	1	0	0	0	0	0	0	0	0	2	Y	0.9375	NA	NA	NA	NA	NA	2	0.9375	
UF22B01	BRWA	2021	sample	MI	22-Jun	Edmore SGA	43.466583	-84.885746	Sympatric	LPN	251.3	6:30	289043919	M	AHY	Y	Y	3	Y-Canon pink	MB	61	48	17.1	"Very yellow breast, we are wondering if we scored rump correctly, recaptured with UF22B02, BWWA also present here"	8.1	9.8	3.4	3.5	1	0	0	0	0	4	3	1	0	1	10	Y	0.6875	NA	NA	NA	NA	NA	10	0.6875	
UF22B02	GWWA	2021	sample	MI	22-Jun	Edmore SGA	43.466583	-84.885746	Sympatric	LPN	251.3	9:22	289043920	M	AHY	Y	Y	3	Y-Canon pink	MB	63	48	16.6	"Net set up ~30ft from first, BREW recap in same net (UF22B01)"	9.3	11.8	4	3.7	5	2	22	2	2	4	3	4	4	4	26	Y	0.1875	NA	NA	NA	NA	NA	30	0.0625	
UF22B03	BRWA	2021	sample	MI	22-Jun	Edmore SGA	43.466583	-84.885746	Sympatric	LPN	251.3	9:22	289043919	M	AHY	Y	Y	3	Y-Canon pink	MB				"Recap, poop #2, could not catch BWWA also present"	8.1	9.8	3.4	3.5	1	0	0	0	0	4	3	1	0	1	10	Y	0.6875	NA	NA	NA	NA	NA	10	0.6875	
UF22B04	BWWA	2021	sample	MI	22-Jun	Edmore SGA	43.461412	-84.883817	Sympatric	LPN	251.6	10:55	289043921	M	AHY	Y	Y	3	Y-Canon pink	MB	60	47	17.4	"Not enough blood collected, still labeled tube. Feather taken."	8.3	10.6	3.8	3.3	0	1	0	0	0	0	0	0	0	0	1	Y	0.96875	NA	NA	NA	NA	NA	1	0.96875	
UF23B01	BWWA	2021	sample	MI	23-Jun	Sippy Rd	43.838249	-86.178904	Sympatric	LPN	210.7	6:18	289043922	M	AHY	Y	Y	3	Y-Canon pink	MB	59	46	16.9	"Double check nape/back plumage score (from photos), not much poop or blood really but changed color of buffer"	8.3	10.4	3.5	3.3	1	1	0	0	0	0	0	0	0	0	2	Y	0.9375	NA	NA	NA	NA	NA	2	0.9375	
UF23B02	BWWA	2021	sample	MI	23-Jun	Sippy Rd	43.838249	-86.178904	Sympatric	LPN	210.7	6:28	289043923	M	AHY	Y	Y	3	Y-Canon pink	MB	59	47	17.6	"Same net as UF23B01, tick on left eye, base of bottom bill tan, weird wing bars kind of sparse. Feather takn."	8.2	10.5	3.6	3.2	1	0	0	0	0	0	0	0	0	0	1	Y	0.96875	NA	NA	NA	NA	NA	1	0.96875	
UF23B04	BWWA	2021	sample	MI	23-Jun	Sippy Rd	43.838801	-86.180862	Sympatric	LPN	210.4	8:40	289043925	M	AHY	Y	Y	2	Y-Canon pink	MB	60	48	17.6	"Same net as UF23B03, tick under right eye, lost some belly feathers before capture/looked ruffled, GWWA also present, couldn't capture"	8.6	10.3	3.4	3	0	1	0	0	0	0	0	1	0	0	2	Y	0.9375	NA	NA	NA	NA	NA	2	0.9375	
UF23B05	GWWA	2021	sample	MI	23-Jun	Sippy Rd	43.840003	-86.180504	Sympatric	LPN	208.9	9:50	289043926	M	AHY	Y	Y	3	Y-Canon pink	MB	63	50	17.8		8.4	10.6	3.5	3.3	5	3	22	2	2	3	4	3	4	4	26	Y	0.1875	NA	NA	NA	NA	NA	30	0.0625	
UF24B01	GWWA	2021	sample	MI	24-Jun	Norconck Rd	44.453252	-86.05612	Sympatric	LPN	233	7:30	289043927	M	AHY	Y	Y	3	Y-Canon pink	MB	59	46	17	"COYE (UF24B02) caught in same net, chin/throat mostly black with some white patches"	9.1	11.1	3.8	3.5	5	3	12	1	2	3	2	3	4	4	12	Y	0.625	NA	NA	NA	NA	NA	27	0.15625	
UF24B03	GWWA	2021	sample	MI	24-Jun	Norconck Rd	44.453446	-86.055199	Sympatric	LPN	232.9	8:46	289043929	M	AHY	Y	Y	3	Y-Canon pink	MB	61	46	17.6	Tick above beak between eyes	8	10.2	3.3	3	4	3	22	2	2	4	3	2	4	4	10	Y	0.6875	NA	NA	NA	NA	NA	28	0.125	
UF24B04	GWWA	2021	sample	MI	24-Jun	Norconck Rd	44.453446	-86.055199	Sympatric	LPN	232.9	9:12	289043930	M	AHY	Y	Y	2	Y-Canon pink	MB	58	46	17.3	"Flew into net after closing it up! Same net as UF24B03, white on chin same as first bird, check picks for back/rump"	8.5	10.8	4	3.9	5	3	12	1	2	4	3	2	4	4	25	Y	0.21875	NA	NA	NA	NA	NA	28	0.125	
UF24B05	GWWA	2021	sample	MI	24-Jun	Norconck Rd	44.452611	-86.055548	Sympatric	LPN	232.1	9:55	289043931	M	AHY	Y	Y	2	Y-Canon pink	MB	62	48	17.1	"White speck on chin, significant BWWA coloration on back and breast"	8.6	10.8	3.9	3.8	4	2	12	1	2	4	3	2	3	4	22	Y	0.3125	NA	NA	NA	NA	NA	25	0.21875	
UF25B01	GWWA	2021	sample	MI	25-Jun	Jordan River Rd	45.047906	-84.973654	Sympatric	LPN	276.2	8:30	289043932	M	AHY	Y	Y	3	Y-Canon pink	MB	63	49	17.9	Stinker	8	10.3	3.8	3.6	5	3	22	2	2	4	4	4	4	4	28	Y	0.125	NA	NA	NA	NA	NA	32	0	
UF25B02	GWWA	2021	sample	MI	25-Jun	Pinney Bridge Rd	45.013643	-85.030111	Sympatric	LPN	221.3	12:20	289043933	M	AHY	Y	Y	2	Y-Canon pink	MB	63	48	16.7	"BREW a little futher down Jordan River Rd. Could not catch, he ghosted us!"	8.6	11	3.5	3.2	4	3	22	2	2	4	4	4	4	4	27	Y	0.15625	NA	NA	NA	NA	NA	31	0.03125	
UF26B01	GWWA	2021	sample	MI	26-Jun	Cascade Rd	45.00889	-85.02462	Sympatric	LPN	231.3	9:08	289043934	M	AHY	Y	Y	3	Y-Canon pink	MB	61	50	16.8	White patch on neck	8.9	10.9	3.5	3.4	4	2	12	1	2	4	4	4	4	4	26	Y	0.1875	NA	NA	NA	NA	NA	29	0.09375	
UF28B01	GWWA	2021	sample	MI	28-Jun	Au Train River Basin	46.24654	-86.855724	Sympatric	UP	238.3	7:30	289043935	M	AHY	Y	Y	3	Y-Canon pink	MB	65	50	17.5	Missing some outer tail feathers on left side	8.7	11.3	3.7	3.3	5	3	22	2	2	4	2	3	4	4	25	Y	0.21875	NA	NA	NA	NA	NA	29	0.09375	
UF28B02	GWWA	2021	sample	MI	28-Jun	Au Train River Basin	46.247491	-86.873704	Sympatric	UP	245.4	8:55	289043936	M	AHY	Y	Y	3	Y-Canon pink	MB	64	48	17.4	"Belly looks dirty, check wing bar picture (width seems to be between 1 and 2)"	8.1	10.5	3.8	3.4	5	2	22	2	2	3	3	3	4	4	24	Y	0.25	NA	NA	NA	NA	NA	28	0.125	
UF28B03	BWWA	2021	sample	MI	28-Jun	Au Train River Basin	46.251019	-86.874096	Sympatric	UP	241.4	9:50	289043937	F	AHY	Y	Y	NA	Y-Canon pink	MB	56	47	17.5	"On territory with male UF28B05 (BWWA), brood patch present"	7.8	9.8	3.4	3.4	1	0	0	0	0	0	0	0	0	0	1	Y	0.96875	NA	NA	NA	NA	NA	1	0.96875	
UF28B05	BWWA	2021	sample	MI	28-Jun	Au Train River Basin	46.250815	-86.874051	Sympatric	UP	245.1	11:30	289043939	M	AHY	Y	Y	3	Y-Canon pink	MB	61	47	17.1	"Check width of wing bar from picture, tick in front of left eye, on territory with female UF28B03"	7.7	10.3	3.6	3	0	1	0	0	0	0	0	0	0	0	1	Y	0.96875	NA	NA	NA	NA	NA	1	0.96875	
UG01B01	GWWA	2021	sample	MI	1-Jul	Tuttle Marsh	44.368432	-83.442306	Sympatric	LPN	186.9	7:35	289043940	M	AHY	Y	Y	3	Y-Canon pink	MB	61	47	17.3	"Slight white patch under beak, not sure if runp is dirt or olive (selected 4). Feather taken."	8.6	10.6	3.7	3.4	5	3	12	1	2	4	4	4	4	4	28	Y	0.125	NA	NA	NA	NA	NA	31	0.03125	
UG01B02	GWWA	2021	sample	MI	1-Jul	Tuttle Marsh	44.368432	-83.442306	Sympatric	LPN	186.9	7:40	289043941	M	AHY	Y	Y	3	Y-Canon pink	MB	60	48	16.3	"Same net as UG01B01, smaller than other birds, yes we double checked measurements"	7.8	9.9	3.2	3.8	5	3	22	2	2	4	4	3	4	4	27	Y	0.15625	NA	NA	NA	NA	NA	31	0.03125	
UG01B03	GWWA	2021	sample	MI	1-Jul	Tuttle Marsh	44.35488	-83.476774	Sympatric	LPN	185.2	10:27	289043942	M	AHY	Y	Y	2	Y-Canon pink	MB	60	46	17	White spot on chin	8.5	10.8	3.7	3.8	5	3	22	2	2	4	4	4	4	4	28	Y	0.125	NA	NA	NA	NA	NA	32	0	
UG02B01	BRWA	2021	sample	MI	2-Jul	Carrol Creek Drain (off N Coleman Rd)	43.655186	-84.583699	Sympatric	LPN	214.4	8:20	289043943	M	AHY	Y	Y	1	Y-Canon pink	MB	61	48	16.4	"Wing bars all yellow, but look less bright than GWWA, Mal GWWA observed here too but he ghosted us"	8.9	10.7	3.4	3.4	5	2	0	0	0	4	4	4	4	4	27	Y	0.15625	NA	NA	NA	NA	NA	27	0.15625	
UG02B02	BRWA	2021	sample	MI	2-Jul	Carrol Creek Drain (off N Coleman Rd)	43.655186	-84.583699	Sympatric	LPN	214.4	8:52	289043943	M	AHY	Y	Y	1	Y-Canon pink	MB				2nd sample (re-bagged him to try to capture GWWA. He pooped again)	8.9	10.7	3.4	3.4	5	2	0	0	0	4	4	4	4	4	27	Y	0.15625	NA	NA	NA	NA	NA	27	0.15625	
UG06B01	BWWA	2021	sample	PA	6-Jul	State Game Lands 230	40.274443	-77.196669	Allopatric	SE	157.7	8:25	289043944	M	AHY	Y	Y	2	Y-Canon pink	MB	61	49	17.5	"blood on left wing, check photos for wing bar score, check rump"	8.6	10.3	3.7	3.6	1	0	0	0	0		0	1	0	0	2	Y	0.9375	NA	NA	NA	NA	NA	2	0.9375	
UG12K01	BWWA	2021	sample	MI	12-Jul	FCTC-LACE	42.302139	-85.349492	Sympatric	LPS	257.5434319	9:40	291014862	F	SY	Y	Y	NA	N	BK	57	45	14.63						NA	NA	NA	NA	NA	NA	NA	NA	NA	NA	NA	NA	NA	NA	NA	NA	NA	NA	NA	NA	
UG13B01	BWWA	2021	sample	PA	13-Jul	Mothersbaugh swamp	40.6595	-77.891479	Sympatric	Central	303.3	7:36	289043946	M	AHY	Y	Y	2	Y-Canon pink	MB	60	45	16.3	"Beak is weird (deformed or injured), check color score for wing bar in photos"	8.3	10.4	2.9	3.1	3	0	0	0	0	0	0	0	0	0	3	Y	0.90625	NA	NA	NA	NA	NA	3	0.90625	
UG31K01	BWWA	2021	sample	MI	31-Jul	FCTC-LACE	42.302139	-85.349492	Sympatric	LPS	257.5434319		291014863	F	HY	Y	Y	NA	N	BK	57	44	14.63						NA	NA	NA	NA	NA	NA	NA	NA	NA	NA	NA	NA	NA	NA	NA	NA	NA	NA	NA	NA	
VE08A01	EABL	2022	sample	PA	8-May	Arboretum	NA	NA	NA	NA	NA	16:39	294109402	F	ASY	N	Y	0	N	AC	100	NA	23.26		NA	NA	NA	NA	NA	NA	NA	NA	NA	NA	NA	NA	NA	NA	NA	NA	NA	food	adult	27.94	70	70	NA	NA	
VE09A01	EABL	2022	sample	PA	9-May	Arboretum	NA	NA	NA	NA	NA	9:08	294109401	F	ASY	N	Y	0	N	AC	101	NA	22.44		NA	NA	NA	NA	NA	NA	NA	NA	NA	NA	NA	NA	NA	NA	NA	NA	NA	food	adult	31.16	14	14	NA	NA	
VE10A01	EABL	2022	sample	PA	10-May	Arboretum	NA	NA	NA	NA	NA	9:43	294109415	F	ASY	N	Y	0	N	AC	NA	NA	NA	2nd incubation capture for this breeding attempt	NA	NA	NA	NA	NA	NA	NA	NA	NA	NA	NA	NA	NA	NA	NA	NA	NA	control	adult	NA	64	64	NA	NA	
VE11A01	EABL	2022	sample	PA	11-May	Arboretum	NA	NA	NA	NA	NA	7:40	294109415	F	ASY	N	Y	0	N	AC	99	NA	23.35	"bird escaped during sampling, try again tomorrow"	NA	NA	NA	NA	NA	NA	NA	NA	NA	NA	NA	NA	NA	NA	NA	NA	NA	control	adult	31.38	64	64	NA	NA	
VE15A01	EABL	2022	sample	PA	15-May	Arboretum	NA	NA	NA	NA	NA	8:30	288111105	F	ASY	N	Y	0	N	AC	100	NA	21.3		NA	NA	NA	NA	NA	NA	NA	NA	NA	NA	NA	NA	NA	NA	NA	NA	NA	control	adult	29.55	53	53	NA	NA	
VE19A01	EABL	2022	sample	PA	19-May	Arboretum	NA	NA	NA	NA	NA	8:35	288111107	F	ASY	N	Y	0	N	AC	101	NA	23.3		NA	NA	NA	NA	NA	NA	NA	NA	NA	NA	NA	NA	NA	NA	NA	NA	NA	food	adult	32.52	55	55	NA	NA	
VE19A02	EABL	2022	sample	PA	19-May	Arboretum	NA	NA	NA	NA	NA	10:11	294109405	F	ASY	N	Y	0	N	AC	99	NA	24.04		NA	NA	NA	NA	NA	NA	NA	NA	NA	NA	NA	NA	NA	NA	NA	NA	NA	control	adult	32.52	58	58	NA	NA	
VE20A01	EABL	2022	sample	PA	21-May	Arboretum	NA	NA	NA	NA	NA	8:43	294109409	F	ASY	N	Y	0	N	AC	95	NA	20.95		NA	NA	NA	NA	NA	NA	NA	NA	NA	NA	NA	NA	NA	NA	NA	NA	NA	food	adult	28.66	37	37	NA	NA	
VE24T01	GWWA	2022	sample	PA	5/24/22	Scotia Barrens	40.780736	-77.952192	Sympatric	Central	383	6:53	291074006	M	SY	Y	Y	3	Cannon	DT	64	51	16.7		8.5	10.5	3.3	3.1	5	1	22	2	2	3	3	3	3	4	22	Y	0.3125	NA	NA	NA	NA	NA	26	0.1875	
VE24T02	GWWA	2022	sample	PA	5/24/22	Scotia Barrens	40.77695	-77.95791	Sympatric	Central	377	8:12	283030104	M	ASY	N	Y	3	Cannon	DT	64	50	16.3	Multiple measurements	8.2	10.9	3.3	2.9	5	2	12	1	2	4	4	4	4	4	27	Y	0.15625	NA	NA	NA	NA	NA	30	0.0625	
VE24T03	INTR	2022	sample	PA	5/24/22	Scotia Barrens	40.776695	-77.956035	Sympatric	Central	378	9:25	283030108	M	AHY	Y	Y	3	Cannon	DT	61	48	16.3		8.5	11.9	3.4	3	4	3	12	1	2	1	1	0	1	2	12	Y	0.625	NA	NA	NA	NA	NA	15	0.53125	
VE24T04	BRWA	2022	sample	PA	5/24/22	Scotia Barrens	40.760377	-77.973962	Sympatric	Central	357	10:53	283030109	M	AHY	Y	Y	3	Cannon	DT	64	50	16.3	Missing some tail feathers	8.6	11.4	3.5	3	4	1	0	0	0	4	4	4	3	3	23	Y	0.28125	NA	NA	NA	NA	NA	23	0.28125	
VE25A01	EABL	2021	sample	PA	25-May	Arboretum	NA	NA	NA	NA	NA	11:35	294109419	F	ASY	N	Y	0	N	AC	100	NA	23.6		NA	NA	NA	NA	NA	NA	NA	NA	NA	NA	NA	NA	NA	NA	NA	NA	NA	control	adult	33.55	81	81	NA	NA	
VE26T01	BRWA	2022	sample	PA	5/26/22	Loop at Shavers	40.662879	-77.924668	Sympatric	Central	255	6:44	291074010	M	SY	Y	Y	3	Cannon	DT	60	48	16.3		8.3	10.5	3.2	3	3	2	0	0	0	4	3	3	2	4	21	Y	0.34375	NA	NA	NA	NA	NA	21	0.34375	
VE26T02	BRWA	2022	sample	PA	5/26/22	Loop at Shavers	40.662879	-77.924668	Sympatric	Central	255	6:50	291074011	M	SY	Y	Y	3	Daves iPhone	DT	64	51	16.7	Touch of black in mask	8.8	10.2	3.2	3	2	0	0	0	0	4	4	4	4	4	22	Y	0.3125	NA	NA	NA	NA	NA	22	0.3125	
VE26T03	BWWA	2022	sample	PA	5/26/22	Loop at Shavers	40.662879	-77.924668	Sympatric	Central	255	6:50	291074012	M	SY	Y	Y	3	Daves iPhone	DT	60	49	15.3		8.2	10.2	3.4	3.3	1	0	0	0	0	0	0	0	0	0	1	Y	0.96875	NA	NA	NA	NA	NA	1	0.96875	
VE26T04	GWWA	2022	sample	PA	5/26/22	Loop at Shavers	40.662879	-77.924668	Sympatric	Central	255	8:37	291074013	M	SY	Y	Y	3	Daves iPhone	DT	64	48	16.2		8.3	10.7	3.6	3	3	2	22	2	2	4	4	4	4	4	25	Y	0.21875	NA	NA	NA	NA	NA	29	0.09375	
VE28A01	EABL	2022	sample	PA	28-May	Arboretum	NA	NA	NA	NA	NA	9:56	294109572	F	SY	N	Y	0	N	AC	96	NA	23.38		NA	NA	NA	NA	NA	NA	NA	NA	NA	NA	NA	NA	NA	NA	NA	NA	NA	control	chick	30.3	79	79	NA	NA	
VE31B02	BWWA	2022	sample	PA	31-May	Pine Swamp	40.6273	-75.95151	Allopatric	SE	200	10:50	297040401	M	AHY	Y	Y	3	Y-Canon green	MB	60	46	18.5	"five to six bwwa singing, would not go into the net"	8.9	11.3	3.7	3.1	1	0	0	0	0	0	0	0	0	0	1	Y	0.96875	NA	NA	NA	NA	NA	1	0.96875	
VE31K01	BWWA	2022	sample	MI	31-May	FCTC-SABO	42.296944	-85.303333	Sympatric	LPS	NA	8:00	291044847	M	SY	Y	Y	3	N	RK	62			New					NA	NA	NA	NA	NA	NA	NA	NA	NA	NA	NA	NA	NA	NA	NA	NA	NA	NA	NA	NA	
VF01A01	EABL	2022	sample	PA	1-Jun	Arboretum	NA	NA	NA	NA	NA	7:26	288111101	F	ASY	N	Y	0	N	AC	98	NA	22.1		NA	NA	NA	NA	NA	NA	NA	NA	NA	NA	NA	NA	NA	NA	NA	NA	NA	control	adult	30.33	102	102	NA	NA	
VF01B01	BWWA	2022	sample	PA	1-Jun	Reservoir Rd	40.751277	-75.704045	Allopatric	SE	250.5	6:47	297040402	M	AHY	y	y	3	Y-Canon green	MB	62	45	17.4	"tick on right eye, field sparrow same net"	8.1	10.7	3.5	3.3	1	0	0	0	0	0	0	0	0	0	1	Y	0.96875	NA	NA	NA	NA	NA	1	0.96875	
VF01B02	BWWA	2022	sample	PA	1-Jun	Reservoir Rd	40.748967	-75.718383	Allopatric	SE	249	9:44	297040403	M	AHY	Y	Y	3	Y-Canon green	MB	60	45	17	tick above nose	9.1	12.3	3.2	3.2	1	0	0	0	0	0	0	0	0	0	1	Y	0.96875	NA	NA	NA	NA	NA	1	0.96875	
VF01B03	BWWA	2022	sample	PA	1-Jun	Reservoir Rd	40.749017	-75.718776	Allopatric	SE	254	10:52	297040404	M	AHY	Y	Y	3	Y-Canon green	MB	63	47	17.9	thicker eye line	8.1	10.6	3.3	3.2	1	0	0	0	0	0	0	0	0	0	1	Y	0.96875	NA	NA	NA	NA	NA	1	0.96875	
VF01B04	BWWA	2022	sample	PA	1-Jun	Reservoir Rd	40.750327	-75.713481	Allopatric	SE	264	12:02	297040405	M	AHY	Y	Y	3	Y-Canon green	MB	62	48	16.7		8.4	11	3.2	3	1	1	0	0	0	0	0	0	0	0	2	Y	0.9375	NA	NA	NA	NA	NA	2	0.9375	
VF02B01	BWWA	2022	sample	PA	2-Jun	W Deerview drive	40.559877	-76.152135	Allopatric	SE	275	6:39	297040406	M	AHY	Y	Y	3	Y-Canon green	MB	60	46	17.1		8.8	10.7	3.4	3.2	1	0	0	0	0	0	0	0	0	0	1	Y	0.96875	NA	NA	NA	NA	NA	1	0.96875	
VF02B02	BWWA	2022	sample	PA	2-Jun	W Deerview drive	40.560166	-76.151958	Allopatric	SE	269.5	7:26	297040406	M	AHY	Y	Y	3	Y-Canon green	MB				"recap, second poop"	8.8	10.7	3.4	3.2	1	0	0	0	0	0	0	0	0	0	1	Y	0.96875	NA	NA	NA	NA	NA	1	0.96875	
VF02B03	BWWA	2022	sample	PA	2-Jun	W Deerview drive	40.560166	-76.151958	Allopatric	SE	269.5	7:31	297040407	M	AHY	Y	Y	3	Y-Canon green	MB	60	45	17.6		8.4	11.9	3.4	3.3	1	0	0	0	0	0	0	0	0	0	1	Y	0.96875	NA	NA	NA	NA	NA	1	0.96875	
VF02B04	BWWA	2022	sample	PA	2-Jun	W Deerview drive	40.560465	-76.150486	Allopatric	SE	267	8:52	297040408	M	AHY	N	Y	3	Y-Canon green	MB	61	46	17.4	"No blood, pulled tail feather!"	7.7	10	2.9	3	2	0	0	0	0	0	0	0	0	0	2	Y	0.9375	NA	NA	NA	NA	NA	2	0.9375	
VF02B05	BWWA	2022	sample	PA	2-Jun	W Deerview drive	40.558902	-76.143996	Allopatric	SE	299	10:18	297040409	M	AHY	Y	Y	3	Y-Canon green	MB	62	49	17.4	Review photos for nape score	8.6	11.4	3.4	3.3	2	0	0	0	0	0	0	0	0	0	2	Y	0.9375	NA	NA	NA	NA	NA	2	0.9375	
VF02K01	BWWA	2022	sample	MI	2-Jun	FCTC-MOTT	42.296944	-85.324167	Sympatric	LPS	NA	11:20	291044848	M	SY	Y	Y	2	N	RK	60	45	17.56	New					NA	NA	NA	NA	NA	NA	NA	NA	NA	NA	NA	NA	NA	NA	NA	NA	NA	NA	NA	NA	
VF03A01	EABL	2022	sample	PA	3-Jun	Arboretum	NA	NA	NA	NA	NA	7:35	294109482	F	SY	N	Y	0	N	AC	100	NA	22.1	failed before hatching	NA	NA	NA	NA	NA	NA	NA	NA	NA	NA	NA	NA	NA	NA	NA	NA	NA	food	chick	22.7	43	43	NA	NA	
VF03B01	BWWA	2022	sample	PA	3-Jun	Pine Swamp	40.627794	-75.952197	Allopatric	SE	204	7:02	297040410	M	AHY	Y	Y	3	Y-Canon green	MB	59	45	18.7		8.8	10.7	3.5	3.1	1	1	0	0	0	0	0	0	0	0	2	Y	0.9375	NA	NA	NA	NA	NA	2	0.9375	
VF03B02	BWWA	2022	sample	PA	3-Jun	Pine Swamp	40.628075	-75.94831	Allopatric	SE	189	7:58	297040411	M	AHY	Y	Y	3	Y-Canon green	MB	61	45	17.3	"Tail feather, very little blood"	8.7	10.5	3.2	3	4	2	0	0	0	0	0	0	0	0	6	Y	0.8125	NA	NA	NA	NA	NA	6	0.8125	
VF04A02	EABL	2022	sample	PA	4-Jun	Arboretum	NA	NA	NA	NA	NA	19:33	294109479	F	SY	N	Y	0	N	AC	99	NA	22.7	doesn't seem like that good of a sample	NA	NA	NA	NA	NA	NA	NA	NA	NA	NA	NA	NA	NA	NA	NA	NA	NA	food	chick	35.14	60	60	NA	NA	
VF10K01	BWWA	2022	sample	MI	10-Jun	FCTC-SABO	42.296944	-85.303333	Sympatric	LPS	NA	8:40	291044850	M	ASY	Y	Y	3	N	RK	62	42	14.25	New					NA	NA	NA	NA	NA	NA	NA	NA	NA	NA	NA	NA	NA	NA	NA	NA	NA	NA	NA	NA	
VF11K01	BWWA	2022	sample	MI	11-Jun	FCTC-LACE	42.302122	-85.349444	Sympatric	LPS	NA	6:40	291044851	F	SY	Y	Y	NA	N	RK	57	45	15.5	New. BP 3					NA	NA	NA	NA	NA	NA	NA	NA	NA	NA	NA	NA	NA	NA	NA	NA	NA	NA	NA	NA	
VF11K02	BWWA	2022	sample	MI	11-Jun	FCTC-LACE	42.302122	-85.349444	Sympatric	LPS	NA	6:40	290097355	M	ASY	Y	Y	3	N	RK	62	44	15	Recap					NA	NA	NA	NA	NA	NA	NA	NA	NA	NA	NA	NA	NA	NA	NA	NA	NA	NA	NA	NA	
VF11K03	BWWA	2022	sample	MI	11-Jun	FCTC-LACE	42.302122	-85.349444	Sympatric	LPS	NA	7:40	291014855	M	SY	Y	Y	3	N	RK	62	48	16	Recap					NA	NA	NA	NA	NA	NA	NA	NA	NA	NA	NA	NA	NA	NA	NA	NA	NA	NA	NA	NA	
VF14B01	BWWA	2022	sample	MI	14-Jun	Petersburg SGA	41.875341	-83.693966	Sympatric	LPS	206	6:31	297040412	M	AHY	Y	Y	3	Y-Canon green	MB	58	46	17.2		8.1	10.9	3.5	3.5	0	0	0	0	0	0	0	0	0	0	0	Y	1	NA	NA	NA	NA	NA	0	1	
VF14B02	BWWA	2022	sample	MI	14-Jun	Petersburg SGA	41.875417	-83.69663	Sympatric	LPS	206	8:00	297040413	M	AHY	Y	Y	3	Y-Canon green	MB	61	45	16.9		8.4	10.5	3.5	3.2	3	1	0	0	0	1	0	0	0	0	5	Y	0.84375	NA	NA	NA	NA	NA	5	0.84375	
VF14B03	BWWA	2022	sample	MI	14-Jun	Petersburg SGA	41.878964	-83.692852	Sympatric	LPS	209	9:40	297040414	M	AHY	Y	Y	3	Y-Canon green	MB	60	45	18.1		7.6	11.5	3.6	3.3	1	0	0	0	0	0	0	0	0	0	1	Y	0.96875	NA	NA	NA	NA	NA	1	0.96875	
VF14B04	BWWA	2022	sample	MI	14-Jun	Petersburg SGA	41.877938	-83.692077	Sympatric	LPS	206	10:52	297040415	M	AHY	Y	Y	3	Y-Canon green	MB	61	47	16.5		7.7	11	3.6	3.4	1	0	0	0	0	1	0	0	0	0	2	Y	0.9375	NA	NA	NA	NA	NA	2	0.9375	
VF15B01	BWWA	2022	sample	MI	15-Jun	Port Huron SGA	43.036105	-82.572167	Sympatric	LPS	211	6:45	297040416	M	AHY	Y	Y	3	Y-Canon green	MB	62	48	17.9		7.9	10.9	3.7	3.4	2	1	0	0	0	2	1	0	0	0	6	Y	0.8125	NA	NA	NA	NA	NA	6	0.8125	
VF15B02	BWWA	2022	sample	MI	15-Jun	Port Huron SGA	43.03554	-82.5756	Sympatric	LPS	209	8:10	297040417	M	AHY	Y	Y	3	Y-Canon green	MB	59	45	17	"Brewster's almost in the same net! BRWA: yellow breast, singing BWWA song. Didn't catch."	7.8	10.4	3.4	3.4	0	0	0	0	0	0	0	0	0	0	0	Y	1	NA	NA	NA	NA	NA	0	1	
VF15B03	BWWA	2022	sample	MI	15-Jun	Port Huron SGA	43.03322	-82.583102	Sympatric	LPS	182	9:47	297040418	M	AHY	Y	Y	3	Y-Canon green	MB	62	50	17.1	"Odd habitat, captured in forest. Tail feather 4th from right side of bird only a vein? No plumes? Some dark feathers beyond eye in mask."	8.5	11.1	3.2	3.5	0	1	0	0	0	0	0	0	0	0	1	Y	0.96875	NA	NA	NA	NA	NA	1	0.96875	
VF16B02	GWWA	2022	sample	MI	16-Jun	Natalie Road	46.346477	-85.558674	Sympatric	UP	221.9	8:30	297040420	M	AHY	Y	Y	3	Y-Canon green	MB	62	49	17		7.9	10.6	3.3	3.3	5	3	22	2	2	4	3	3	4	4	26	Y	0.1875	NA	NA	NA	NA	NA	30	0.0625	
VF17B01	GWWA	2022	sample	MI	17-Jun	Munuscong State forest (camp)	46.212725	-84.276824	Sympatric	UP	180	9:10	297040421	M	AHY	Y	Y	3	Y-Canon green	MB	61	46	16.7		7.9	10.6	3.2	3.2	5	3	22	2	2	4	3	4	4	4	27	Y	0.15625	NA	NA	NA	NA	NA	31	0.03125	
VF17B02	GWWA	2022	sample	MI	17-Jun	Munuscong State forest (camp)	46.212586	-84.272389	Sympatric	UP	181.3	9:20	297040422	M	AHY	Y	Y	3	Y-Canon green	MB	63	48	16.6		8.3	11.2	3.3	3.3	5	3	22	2	2	4	3	3	4	4	26	Y	0.1875	NA	NA	NA	NA	NA	30	0.0625	
VF19B01	BRWA	2022	sample	MI	19-Jun	Pinney Bridge Rd	45.012373	-85.023721	Sympatric	LPN	224	6:34	277034683	M	ASY	Y	Y	3	Y-Canon green	MB	64	51	17.8	Already banded! Tried to get this bird last year but he skunked us! Black eyelilne extends beyond eye. Singing GWWA song before start of playback.	8.8	11	3.2	3.1	5	2	0	0	0	4	4	4	4	4	27	Y	0.15625	NA	NA	NA	NA	NA	27	0.15625	
VF19B02	GWWA	2022	sample	MI	19-Jun	Jordan River Rd	45.051822	-84.968711	Sympatric	LPN	276.8	9:31	297040423	M	AHY	Y	Y	3	Y-Canon green	MB	63	47	17.6		8.3	11.2	3.3	3.3	5	3	2	0	2	2	3	3	4	4	26	Y	0.1875	NA	NA	NA	NA	NA	26	0.1875	
VF19B03	BWWA	2022	sample	MI	19-Jun	Jordan River Rd	45.051822	-84.968711	Sympatric	LPN	276.8	9:36	297040424	M	AHY	Y	Y	3	Y-Canon green	MB	58	45	17.2	Same net as GWWA and MOWA. Tail feather taken from poop bag.	8.5	10.9	3.3	3.3	0	0	0	0	0	0	0	0	0	0	0	Y	1	NA	NA	NA	NA	NA	0	1	
VF19B05	BRWA	2022	sample	MI	19-Jun	Jordan River Rd	45.052561	-84.964115	Sympatric	LPN	280	11:30	297040425	M	AHY	Y	Y	2	Y-Canon green	MB	61	47	18	"Black extends beyond eye. GWWA also present here, did not catch."	8.7	10.8	3.2	3	5	2	0	0	0	4	3	3	4	4	25	Y	0.21875	NA	NA	NA	NA	NA	25	0.21875	
VF20A01	EABL	2022	sample	PA	20-Jun	Arboretum	NA	NA	NA	NA	NA	9:41	294109402	F	ASY	N	Y	0	N	AC	98	NA	22.59		NA	NA	NA	NA	NA	NA	NA	NA	NA	NA	NA	NA	NA	NA	NA	NA	NA	food	adult	28.72	69	69	NA	NA	
VF20B01	GWWA	2022	sample	MI	20-Jun	Shumsky Rd	44.652615	-85.590115	Sympatric	LPN	218	7:20	297040426	M	AHY	Y	Y	3	Y-Canon green	MB	62	47	17.6		8.7	11.4	3.3	3.2	5	3	22	2	2	3	3	3	4	4	25	Y	0.21875	NA	NA	NA	NA	NA	29	0.09375	
VF20B03	BRWA	2022	sample	MI	20-Jun	Shumsky Rd	44.650438	-85.589386	Sympatric	LPN	222.1	9:34	297040428	M	AHY	Y	Y	3	Y-Canon green	MB	60	49	16.3	"Very little and white poop :( Yellow on both cheeks. Singing BWWA song, but responded to GWWA song."	8.3	10.5	3.3	3.2	4	2	0	0	0	2	2	1	2	3	16	Y	0.5	NA	NA	NA	NA	NA	16	0.5	
VF20K01	BWWA	2022	sample	MI	20-Jun	FCTC-MOTT	42.296944	-85.324167	Sympatric	LPS	NA	8:00	291044852	M	SY	N	Y	3	N	RK	58	45	17.52						NA	NA	NA	NA	NA	NA	NA	NA	NA	NA	NA	NA	NA	NA	NA	NA	NA	NA	NA	NA	
VF20K02	BWWA	2022	sample	MI	20-Jun	FCTC-LACE	42.302122	-85.349444	Sympatric	LPS	NA	7:20	291044853		AHY	Y	Y	3	N	RK	60	43	16.58						NA	NA	NA	NA	NA	NA	NA	NA	NA	NA	NA	NA	NA	NA	NA	NA	NA	NA	NA	NA	
VF20K04	BWWA	2022	sample	MI	20-Jun	FCTC-MOTT	42.296944	-85.324167	Sympatric	LPS	NA	8:40	291044855	M	AHY	Y	Y	2	N	RK	59	43	14.68						NA	NA	NA	NA	NA	NA	NA	NA	NA	NA	NA	NA	NA	NA	NA	NA	NA	NA	NA	NA	
VF21B01	BWWA	2022	sample	MI	21-Jun	Carol Creek Drain (off N Coleman Rd)	43.655243	-85.583663	Sympatric	LPN	213.4	6:55	297040429	M	AHY	Y	Y	3	Y-Canon green	MB	61	47	17.1		8.7	11.1	3.4	3.4	1	0	0	0	0	0	0	0	0	0	1	Y	0.96875	NA	NA	NA	NA	NA	1	0.96875	
VF21B02	GWWA	2022	sample	MI	21-Jun	Carol Creek Drain (off N Coleman Rd)	43.655069	-84.583609	Sympatric	LPN	224.9	7:45	297040430	M	AHY	Y	Y	3	Y-Canon green	MB	63	48	17	"Dirt on breast, but no yellow"	8.7	11.8	3.3	3.3	5	3	12	1	2	4	4	4	4	4	28	Y	0.125	NA	NA	NA	NA	NA	31	0.03125	
VF22B01	BWWA	2022	sample	MI	22-Jun	Edmore SGA	43.466524	-84.885697	Sympatric	LPN	255.9	6:29	297040431	M	AHY	Y	Y	2	Y-Canon green	MB	59	46	17.2		7.6	10	3.3	3.2	0	1	0	0	0	0	0	0	0	0	1	Y	0.96875	NA	NA	NA	NA	NA	1	0.96875	
VF22B02	BWWA	2022	sample	MI	22-Jun	Edmore SGA	43.466524	-84.885697	Sympatric	LPN	255.9	6:38	297040432	M	AHY	Y	Y	2	Y-Canon green	MB	58	48	17.4	Same net as VF22B01	8.2	11.2	3.2	3.1	1	1	0	0	0	0	0	0	0	0	2	Y	0.9375	NA	NA	NA	NA	NA	2	0.9375	
VF22B03	BWWA	2022	sample	MI	22-Jun	Edmore SGA	43.467188	-84.885624	Sympatric	LPN	249	7:48	297040433	M	AHY	Y	Y	3	Y-Canon green	MB	60	46	17.1		8.1	9.6	3.2	3.1	2	2	0	0	0	0	0	0	0	0	4	Y	0.875	NA	NA	NA	NA	NA	4	0.875	
VF22B04	BRWA	2022	sample	MI	22-Jun	Edmore SGA	43.467153	-84.885561	Sympatric	LPN	252.8	8:42	289043919	M	ASY	Y	Y	3	Y-Canon green	MB	61	46	17.9	Recapture from last year! Yellow on throat. Singing BWWA song.	7.2	11.3	3.2	3.2	1	0	0	0	0	4	3	3	1	2	14	Y	0.5625	NA	NA	NA	NA	NA	14	0.5625	
VF28B01	BWWA	2022	sample	PA	28-Jun	State Game Lands 63	41.239432	-79.475851	Allopatric	NW	421	7:51	297040434	F	AHY	Y	Y	NA	Y-Canon green	MB	57	45	17	Brood patch	8.4	10.9	3.1	2.7	0	1	0	0	0	0	0	0	0	0	1	Y	0.96875	NA	NA	NA	NA	NA	1	0.96875	
VF28B02	BWWA	2022	sample	PA	28-Jun	State Game Lands 63	41.239432	-79.475851	Allopatric	NW	421	7:57	289043905	M	AHY	Y	Y	3	Y-Canon green	MB	62	48	17.6	Repcapture from last year. Healed injury behind right eye. Same net as VF28B01.	9	11.1	3.3	2.9	1	0	0	0	0	0	0	0	0	0	1	Y	0.96875	NA	NA	NA	NA	NA	1	0.96875	
VF28B03	BWWA	2022	sample	PA	28-Jun	State Game Lands 63	41.237922	-79.472108	Allopatric	NW	433	9:45	297040435	M	AHY	Y	Y	3	Y-Canon green	MB	59	48	16.9		8.1	10.2	3.1	3	0	0	0	0	0	0	0	0	0	0	0	Y	1	NA	NA	NA	NA	NA	0	1	
VF30B01	BWWA	2022	sample	PA	30-Jun	State Game Lands 263	41.955177	-79.619384	Allopatric	NW	500	7:02	297040436	M	AHY	Y	Y	1	Y-Canon green	MB	60	50	16.9	"Molt? Feathers moled from wing bar, not able to score."	8	10.7	3.3	3.1	0	NA	0	0	0	0	0	0	0	0	0	N	1	NA	NA	NA	NA	NA	0	1	29
VF30B02	BWWA	2022	sample	PA	30-Jun	State Game Lands 263	41.955739	-79.618272	Allopatric	NW	505	8:37	297040437	M	AHY	Y	Y	2	Y-Canon green	MB	60	47	17.4		8	9.9	3.3	3.3	1	1	0	0	0	0	0	0	0	0	2	Y	0.9375	NA	NA	NA	NA	NA	2	0.9375	
VF30B03	BWWA	2022	sample	PA	30-Jun	State Game Lands 263	41.955449	-79.617277	Allopatric	NW	504	9:32	297040438	M	AHY	Y	Y	1	Y-Canon green	MB	59	46	18.2	"Molting. Only 3 tail feathers. Molting wing bar, not able to score. Collected tail feather from bag."	8	11.1	3.5	3.4	1	NA	0	0	0	0	0	0	0	0	1	N	0.965517241	NA	NA	NA	NA	NA	1	0.965517241	29
VF30B04	BWWA	2022	sample	PA	30-Jun	State Game Lands 263	41.955449	-79.617277	Allopatric	NW	504	9:34	297040439	M	AHY	Y	Y	1	Y-Canon green	MB	60	47	17.1	"Molting, missing tail feathers. Same net as VF30B03"	7.9	10	2.9	2.8	1	NA	0	0	0	0	0	0	0	0	1	N	0.965517241	NA	NA	NA	NA	NA	1	0.965517241	29
VG01A01	EABL	2022	sample	PA	1-Jul	Arboretum	NA	NA	NA	NA	NA	7:22	294109403	F	ASY	N	Y	0	N	AC	103	NA	23.35		NA	NA	NA	NA	NA	NA	NA	NA	NA	NA	NA	NA	NA	NA	NA	NA	NA	food	adult	30.44	71	71X	NA	NA	
VG01B01	BRWA	2022	sample	PA	1-Jul	Bald Eagle SP	40.993358	-77.701991	Sympatric	Central	209	6:31	297040440	M	AHY	Y	Y	1	Y-Canon green	MB	63	NA	18.3	"Molting, no tail. Two ticks below right eye."	8.5	11.2	3.4	3.1	4	3	0	0	0	3	3	3	3	3	22	Y	0.3125	NA	NA	NA	NA	NA	22	0.3125	
VG01B02	BRWA	2022	sample	PA	1-Jul	Bald Eagle SP	40.992678	-77.702968	Sympatric	Central	197	7:35	297040441	M	AHY	Y	Y	1	Y-Canon green	MB	61	47	17.5	"Black mask pretty full, yellow on chin. See photos for belly score"	8.1	9.9	3.1	3.1	4	2	0	0	0	4	4	3	2	3	22	Y	0.3125	NA	NA	NA	NA	NA	22	0.3125	
VG01B03	BWWA	2022	sample	PA	1-Jul	Bald Eagle SP	40.990589	-77.705304	Sympatric	Central	199	9:01	297040442	M	AHY	Y	Y	1	Y-Canon green	MB	65	50	17.5	"Same net as COYEs. Poop samples: both VG01B03 and VG01B04 (touched finger). Released before plumage score, MB scored same day from photos."	8.1	10.3	3.1	3.1	1	0	0	0	0	0	0	0	0	0	1	Y	0.96875	NA	NA	NA	NA	NA	1	0.96875	
VG03A01	EABL	2022	sample	PA	3-Jul	Arboretum	NA	NA	NA	NA	NA	12:10	294109405	F	ASY	N	Y	0	N	AC	100	NA	23.4		NA	NA	NA	NA	NA	NA	NA	NA	NA	NA	NA	NA	NA	NA	NA	NA	NA	control	adult	31.83	58	58X	NA	NA	
VG04A01	EABL	2022	sample	PA	4-Jul	Arboretum	NA	NA	NA	NA	NA	7:27	288111104	F	ASY	N	Y	0	N	AC	102	NA	22.69		NA	NA	NA	NA	NA	NA	NA	NA	NA	NA	NA	NA	NA	NA	NA	NA	NA	food	adult	33.05	55	55X	NA	NA	
VG04A02	EABL	2022	sample	PA	4-Jul	Arboretum	NA	NA	NA	NA	NA	8:48	294109466	F	SY	N	Y	0	N	AC	100	NA	28.48		NA	NA	NA	NA	NA	NA	NA	NA	NA	NA	NA	NA	NA	NA	NA	NA	NA	food	chick	31.42	36	36Y	NA	NA	
VG07A01	EABL	2022	sample	PA	7-Jul	Arboretum	NA	NA	NA	NA	NA	8:23	294109401	F	ASY	N	Y	0	N	AC	100	NA	23.44		NA	NA	NA	NA	NA	NA	NA	NA	NA	NA	NA	NA	NA	NA	NA	NA	NA	food	adult	30.01	13	13	NA	NA	
VG07A02	EABL	2022	sample	PA	7-Jul	Arboretum	NA	NA	NA	NA	NA	8:42	288111110	F	ASY	N	Y	0	N	AC	100	NA	22.77		NA	NA	NA	NA	NA	NA	NA	NA	NA	NA	NA	NA	NA	NA	NA	NA	NA	control	adult	29.6	93	93	NA	NA	
VG08A01	EABL	2022	sample	PA	8-Jul	Arboretum	NA	NA	NA	NA	NA	8:43	288111105	F	ASY	N	Y	0	N	AC	99	NA	21.15		NA	NA	NA	NA	NA	NA	NA	NA	NA	NA	NA	NA	NA	NA	NA	NA	NA	control	adult	28.67	53	53X	NA	NA	
VG11K01	BWWA	2022	sample	MI	11-Jul	FCTC-MOTT	42.296944	-85.324167	Sympatric	LPS	NA	6:50	291044860	F	SY	Y	Y	NA	N	RK	60		14	BP 3					NA	NA	NA	NA	NA	NA	NA	NA	NA	NA	NA	NA	NA	NA	NA	NA	NA	NA	NA	NA	
VG12A01	EABL	2022	sample	PA	12-Jul	Arboretum	NA	NA	NA	NA	NA	9:31	294109427	F	ASY	N	Y	0	N	AC	103	NA	23.4		NA	NA	NA	NA	NA	NA	NA	NA	NA	NA	NA	NA	NA	NA	NA	NA	NA	food	adult	31.66	99	99X	NA	NA	